,age,reels_watch_time_hours,daily_screen_time_hours,sleep_hours,attention_span_score,focus_level,task_completion_rate
count,12000.0,12000.0,12000.0,12000.0,12000.0,12000.0,12000.0
mean,29.6625,3.244095,7.0186175,6.496589166666667,5.484789999999999,5.512788333333333,70.09283166666667
std,8.654565396859473,1.5831638202078566,2.873300347150322,1.4466069025516854,2.597759390716226,2.5931525045505026,17.198249603688833
min,15.0,0.5,2.0,4.0,1.0,1.0,40.01
25%,22.0,1.88,4.56,5.23,3.23,3.29,55.2
50%,30.0,3.23,7.03,6.5,5.48,5.51,70.235
75%,37.0,4.62,9.4725,7.7425,7.74,7.78,85.0225
max,44.0,6.0,12.0,9.0,10.0,10.0,99.99
