K,WCSS,Silhouette_Score
2,16248.869647888909,0.3150791926681917
3,10745.920254803434,0.34134206452663923
4,8242.966809997639,0.3206350043249752
5,6966.430755698695,0.3154489202881476
6,5662.293515079286,0.3371698801597889
7,4929.9367058773405,0.32995773141469914
8,4442.465488732774,0.31943363879012837
9,3981.1124347935884,0.3165924728115957
10,3576.120980720371,0.3213269656324131
