K,WCSS,Silhouette_Score
2,50978.681386973905,0.14981075344841638
3,45461.64189856071,0.13650433846728297
4,41030.42753146813,0.13822288733340377
5,37722.061715390715,0.1485315538578263
6,34747.812251490715,0.15897022979442194
7,32638.45582435776,0.16069693950390454
8,30538.882505694084,0.16463510159061848
9,28721.910370063688,0.16614003357994137
10,26925.4862051685,0.17476552302477233
