cluster_b,attention_span_score_mean
0,5.556785350966429
1,5.477160098522168
2,5.421888722554891
