cluster_b,attention_span_score_mean
0,5.52363252610531
1,5.434787943451587
2,5.4881573333333336
