,age,reels_watch_time_hours,daily_screen_time_hours,sleep_hours,attention_span_score,focus_level,task_completion_rate
age,1.0,0.001821562333512599,-0.01567481580105384,0.0057128228802785785,0.02793189026182607,-0.0036285841041565556,0.001660758848512873
reels_watch_time_hours,0.001821562333512599,1.0,0.007489432271955086,-0.0011065197077146395,0.0007600246304697933,0.0009316483828481058,0.0012041456873777756
daily_screen_time_hours,-0.01567481580105384,0.007489432271955086,1.0,0.009499151551103157,0.01630030223468604,7.873254034194621e-05,0.0017677169653303704
sleep_hours,0.0057128228802785785,-0.0011065197077146395,0.009499151551103157,1.0,-0.002169945205741851,-0.010131990859463294,-0.004780861799224293
attention_span_score,0.02793189026182607,0.0007600246304697933,0.01630030223468604,-0.002169945205741851,1.0,-0.02457218184720094,-0.010677975785651803
focus_level,-0.0036285841041565556,0.0009316483828481058,7.873254034194621e-05,-0.010131990859463294,-0.02457218184720094,1.0,0.007682281142062891
task_completion_rate,0.001660758848512873,0.0012041456873777756,0.0017677169653303704,-0.004780861799224293,-0.010677975785651803,0.007682281142062891,1.0
