cluster_b,age,reels_watch_time_hours,daily_screen_time_hours,sleep_hours,attention_span_score,focus_level,task_completion_rate
0,29.705239064089522,3.2025025432349947,7.834425228891149,7.478410478128179,5.556785350966429,3.8291276703967445,62.24322990844354
1,29.541379310344826,4.103105911330049,8.437645320197044,6.235522167487685,5.477160098522168,6.8039926108374384,78.96556157635467
2,29.743263473053894,2.414743013972056,4.780840818363274,5.797839321357285,5.421888722554891,5.856566866267465,68.80574351297405
