,age,reels_watch_time_hours,daily_screen_time_hours,sleep_hours,attention_span_score,focus_level,task_completion_rate
age,1.0,0.0018459378177942255,-0.015627689290644734,0.005677199867082716,0.02805902786792719,-0.0035669380614174414,0.00142527892601328
reels_watch_time_hours,0.0018459378177942255,1.0,0.0074265670146203226,-0.0009795088631895127,0.0007870548578636069,0.0010824322366443638,0.0011435278401593077
daily_screen_time_hours,-0.015627689290644734,0.0074265670146203226,1.0,0.009423324691486825,0.016300870195304244,0.00012258789281166443,0.0015879899696601622
sleep_hours,0.005677199867082716,-0.0009795088631895127,0.009423324691486825,1.0,-0.0022055536903873795,-0.010053928708080266,-0.004640436770490582
attention_span_score,0.02805902786792719,0.0007870548578636069,0.016300870195304244,-0.0022055536903873795,1.0,-0.02450843718062017,-0.010738282205838466
focus_level,-0.0035669380614174414,0.0010824322366443638,0.00012258789281166443,-0.010053928708080266,-0.02450843718062017,1.0,0.007691409628435301
task_completion_rate,0.00142527892601328,0.0011435278401593077,0.0015879899696601622,-0.004640436770490582,-0.010738282205838466,0.007691409628435301,1.0
